condition,sample_regime,mismatch_regime,n_c,rho,kappa_c,gamma,paired_replicates,heldout_observations,routing_weights,tv_l3_to_truth,tv_l5_to_truth,delta_ll_mean,delta_ll_median,delta_ll_p05,delta_ll_p95,delta_ll_routing_improves,delta_brier_mean,delta_brier_median,delta_brier_p05,delta_brier_p95,delta_brier_routing_improves,delta_tv_mean,delta_tv_median,delta_tv_p05,delta_tv_p95,delta_tv_routing_improves,routing_shift_mean,routing_shift_median,routing_shift_p05,routing_shift_p95,entropy_l0_mean,entropy_routed_mean,top_category_retention_rate,heldout_brier_l0,heldout_brier_routed,heldout_log_loss_l0,heldout_log_loss_routed,heldout_top_label_ece_l0,heldout_top_label_ece_routed,heldout_top_label_accuracy_l0,heldout_top_label_accuracy_routed
n2_rho0.1_kappa2_gamma0.4,sparse,high_agreement,2,0.1,2.0,0.4,500,100000,"{""L0_full_context"":0.918598078,""L3_industry_context"":0.069342378,""L5_generic_context"":0.012059544}",0.025,0.038,-0.0327555823,-0.0338555479,-0.0536990014,-0.0188125949,1.0,-0.0144684739,-0.012201192,-0.034367457,-0.0054923617,1.0,-0.0238639834,-0.0234301865,-0.033626531,-0.0170883738,1.0,0.0238639834,0.0234301865,0.0170883738,0.033626531,0.8139514928,0.8344299594,1.0,0.85271656,0.8382057679,1.7094259271,1.6764998001,0.157097,0.1436554895,0.2916,0.2916
n2_rho0.1_kappa2_gamma0.7,sparse,high_agreement,2,0.1,2.0,0.7,500,100000,"{""L0_full_context"":0.6172692956,""L3_industry_context"":0.2497249986,""L5_generic_context"":0.1330057058}",0.025,0.038,-0.1291689084,-0.1265102906,-0.2102554963,-0.0685898444,1.0,-0.0620167696,-0.0529396517,-0.1361769646,-0.0216514472,1.0,-0.1156942097,-0.116369135,-0.1584084384,-0.0813370607,1.0,0.1156942097,0.116369135,0.0813370607,0.1584084384,0.8075154139,0.8934708424,1.0,0.86035176,0.7982248985,1.7170977802,1.5877557204,0.175141,0.1044826824,0.28494,0.28494
n2_rho0.1_kappa2_gamma0.9,sparse,high_agreement,2,0.1,2.0,0.9,500,100000,"{""L0_full_context"":0.3821337762,""L3_industry_context"":0.3285762577,""L5_generic_context"":0.289289966}",0.025,0.038,-0.1714134812,-0.171074754,-0.2933396932,-0.0896313983,1.0,-0.080421796,-0.0690262518,-0.1876984542,-0.0294170361,1.0,-0.1833412746,-0.1789092947,-0.255313989,-0.131563956,1.0,0.183920221,0.1796222828,0.1322769441,0.2560269772,0.8143678272,0.92964197,0.892,0.85492322,0.7743572252,1.71239484,1.5409282941,0.160888,0.0417367689,0.28831,0.30635
n2_rho0.1_kappa6_gamma0.4,sparse,high_agreement,2,0.1,6.0,0.4,500,100000,"{""L0_full_context"":0.918598078,""L3_industry_context"":0.069342378,""L5_generic_context"":0.012059544}",0.025,0.038,-0.0077266021,-0.0073738437,-0.0139190587,-0.0034750617,1.0,-0.0037486774,-0.0032902061,-0.008562312,-0.0012894104,1.0,-0.0121374622,-0.0117693612,-0.0168373846,-0.008622574,1.0,0.0121374622,0.0117693612,0.008622574,0.0168373846,0.9147520119,0.9201078406,0.916,0.783666155,0.7799467571,1.5606538408,1.5529878868,0.0714925,0.071681731,0.29338,0.30652
n2_rho0.1_kappa6_gamma0.7,sparse,high_agreement,2,0.1,6.0,0.7,500,100000,"{""L0_full_context"":0.6172692956,""L3_industry_context"":0.2497249986,""L5_generic_context"":0.1330057058}",0.025,0.038,-0.0312105723,-0.0284830699,-0.0572828248,-0.0134088819,1.0,-0.0151164574,-0.0127350602,-0.0339274222,-0.0050603076,1.0,-0.0526138154,-0.0506650483,-0.0732807685,-0.0353436053,1.0,0.0575530062,0.0560232248,0.0415330674,0.0794702306,0.9123216617,0.9353679091,0.906,0.784848255,0.7698253797,1.5628944204,1.5317929022,0.075621,0.0332813226,0.29408,0.31052
n2_rho0.1_kappa6_gamma0.9,sparse,high_agreement,2,0.1,6.0,0.9,500,100000,"{""L0_full_context"":0.3821337762,""L3_industry_context"":0.3285762577,""L5_generic_context"":0.289289966}",0.025,0.038,-0.0414780219,-0.0390454519,-0.075309709,-0.0176480509,1.0,-0.0201274267,-0.0174501084,-0.0376229852,-0.0067493464,1.0,-0.0822168136,-0.079413612,-0.1131427343,-0.0563195226,1.0,0.0920910517,0.0902923985,0.0680188568,0.1169874337,0.9093582016,0.9438203076,0.694,0.78317704,0.7633958933,1.5586886756,1.5177763677,0.075803,0.0275546689,0.29713,0.33175
n2_rho0.1_kappa20_gamma0.4,sparse,high_agreement,2,0.1,20.0,0.4,500,100000,"{""L0_full_context"":0.918598078,""L3_industry_context"":0.069342378,""L5_generic_context"":0.012059544}",0.025,0.038,-0.0010904096,-0.0008803167,-0.0022452257,-0.0003297639,1.0,-0.0004828557,-0.0003961788,-0.0011206795,-0.0001339227,1.0,-0.0038077807,-0.0036071741,-0.0053994827,-0.002480703,1.0,0.0044189612,0.004348836,0.0032352468,0.0061533823,0.944384341,0.9452314696,1.0,0.7631260446,0.7626708003,1.5175563639,1.5165159826,0.0011118182,0.0016442076,0.33433,0.33433
n2_rho0.1_kappa20_gamma0.7,sparse,high_agreement,2,0.1,20.0,0.7,500,100000,"{""L0_full_context"":0.6172692956,""L3_industry_context"":0.2497249986,""L5_generic_context"":0.1330057058}",0.025,0.038,-0.0043815936,-0.0032136367,-0.0092625267,-0.0013542376,1.0,-0.0019088873,-0.001469701,-0.0035167242,-0.000523029,1.0,-0.0185356757,-0.0181966118,-0.0262995958,-0.0132660236,1.0,0.0209735765,0.0211338417,0.0162032535,0.0267104082,0.9443081295,0.9483144233,0.93,0.7625035967,0.7608127103,1.5162771262,1.5123449696,0.0035627273,0.010410738,0.33629,0.34101
n2_rho0.1_kappa20_gamma0.9,sparse,high_agreement,2,0.1,20.0,0.9,500,100000,"{""L0_full_context"":0.3821337762,""L3_industry_context"":0.3285762577,""L5_generic_context"":0.289289966}",0.025,0.038,-0.0059138019,-0.0040362013,-0.0136625843,-0.0016675029,1.0,-0.0025627363,-0.0019225713,-0.0060980105,-0.0006309376,1.0,-0.0280063147,-0.02904231,-0.0433519359,-0.0169027389,1.0,0.0339097575,0.0331875008,0.0255260245,0.043461353,0.9435956794,0.9502859812,0.932,0.7629099355,0.7602787996,1.5167050948,1.5106617147,0.0007736364,0.010432186,0.33501,0.3405
n2_rho0.4_kappa2_gamma0.4,sparse,moderate_mismatch,2,0.4,2.0,0.4,500,100000,"{""L0_full_context"":0.918598078,""L3_industry_context"":0.069342378,""L5_generic_context"":0.012059544}",0.1,0.152,-0.0333566746,-0.0357848283,-0.0498151361,-0.0179009992,1.0,-0.0145944082,-0.0120457776,-0.0280145046,-0.0051230966,1.0,-0.0193466079,-0.0211886188,-0.0270344828,-0.012165065,1.0,0.0251068732,0.0253431317,0.0195123422,0.0317469003,0.8263115989,0.8481239033,1.0,0.8605253,0.8458831686,1.7341666379,1.7007978531,0.16013,0.1450766139,0.28273,0.28273
n2_rho0.4_kappa2_gamma0.7,sparse,moderate_mismatch,2,0.4,2.0,0.7,500,100000,"{""L0_full_context"":0.6172692956,""L3_industry_context"":0.2497249986,""L5_generic_context"":0.1330057058}",0.1,0.152,-0.1244928149,-0.1134343386,-0.212411898,-0.064704111,1.0,-0.0569302022,-0.0470457936,-0.1339510448,-0.0193821073,1.0,-0.0926560308,-0.0898005666,-0.1307717528,-0.0636065858,1.0,0.1189164765,0.1152779453,0.0957098201,0.1562491315,0.8253887861,0.915381766,1.0,0.86018798,0.8030610935,1.7342364331,1.6088832626,0.160932,0.0881348991,0.28481,0.28481
n2_rho0.4_kappa2_gamma0.9,sparse,moderate_mismatch,2,0.4,2.0,0.9,500,100000,"{""L0_full_context"":0.3821337762,""L3_industry_context"":0.3285762577,""L5_generic_context"":0.289289966}",0.1,0.152,-0.1672011847,-0.1494898886,-0.2938408205,-0.0788528119,1.0,-0.078511263,-0.0630193696,-0.1831250706,-0.0239548445,1.0,-0.1506544045,-0.1500414909,-0.2146924411,-0.1043755934,1.0,0.1944376577,0.1948421494,0.1583880422,0.2455211085,0.8289779653,0.9551888265,0.946,0.86123776,0.7823928307,1.734058054,1.5657246046,0.16156,0.0332152602,0.28102,0.29023
n2_rho0.4_kappa6_gamma0.4,sparse,moderate_mismatch,2,0.4,6.0,0.4,500,100000,"{""L0_full_context"":0.918598078,""L3_industry_context"":0.069342378,""L5_generic_context"":0.012059544}",0.1,0.152,-0.0071160594,-0.0059612275,-0.0139651695,-0.0027130668,1.0,-0.0033058886,-0.0026371619,-0.0082054395,-0.000783471,1.0,-0.0096551573,-0.0094079518,-0.0138066704,-0.0065890334,1.0,0.0125023584,0.0124258526,0.0100697192,0.0168245713,0.9309207401,0.936783442,1.0,0.78923433,0.7859453045,1.5824299529,1.5753793732,0.064677,0.0572829408,0.28611,0.28611
n2_rho0.4_kappa6_gamma0.7,sparse,moderate_mismatch,2,0.4,6.0,0.7,500,100000,"{""L0_full_context"":0.6172692956,""L3_industry_context"":0.2497249986,""L5_generic_context"":0.1330057058}",0.1,0.152,-0.0291738541,-0.0220638993,-0.0582181231,-0.0107291575,1.0,-0.0134028691,-0.009320585,-0.0319231865,-0.002775242,1.0,-0.0461651643,-0.0494224773,-0.0685780133,-0.0257094165,1.0,0.0606761091,0.0575507546,0.0462601988,0.0765271401,0.9273595135,0.955479048,0.906,0.79107108,0.7775536384,1.5863044718,1.5567800812,0.072467,0.015900424,0.28583,0.30671
n2_rho0.4_kappa6_gamma0.9,sparse,moderate_mismatch,2,0.4,6.0,0.9,500,100000,"{""L0_full_context"":0.3821337762,""L3_industry_context"":0.3285762577,""L5_generic_context"":0.289289966}",0.1,0.152,-0.0378396926,-0.0269465152,-0.0806080577,-0.0110715573,1.0,-0.0172539578,-0.0116680316,-0.0434614805,-0.0023573654,1.0,-0.0645069806,-0.0677509958,-0.1122509958,-0.0266037273,1.0,0.0979029603,0.0960621261,0.0696099516,0.1250339805,0.930387117,0.970406598,0.656,0.79075548,0.7730266342,1.5850787365,1.5465306218,0.070284,0.0294506291,0.28294,0.33352
n2_rho0.4_kappa20_gamma0.4,sparse,moderate_mismatch,2,0.4,20.0,0.4,500,100000,"{""L0_full_context"":0.918598078,""L3_industry_context"":0.069342378,""L5_generic_context"":0.012059544}",0.1,0.152,-0.0009803029,-0.000465357,-0.0027716208,-7.60868e-05,1.0,-0.0003816661,-0.0001715596,-0.0011830602,9.21564e-05,0.828,-0.0021720543,-0.0016888843,-0.0053889717,0.0010201278,0.828,0.0046777382,0.0045157511,0.003457252,0.0059541258,0.9616637701,0.9629357507,1.0,0.7720848926,0.7717337502,1.5462330761,1.5453184632,0.0261236364,0.0272512695,0.33776,0.33776
n2_rho0.4_kappa20_gamma0.7,sparse,moderate_mismatch,2,0.4,20.0,0.7,500,100000,"{""L0_full_context"":0.6172692956,""L3_industry_context"":0.2497249986,""L5_generic_context"":0.1330057058}",0.1,0.152,-0.0048748005,-0.0025593113,-0.0142249906,-0.0002211989,1.0,-0.0017448481,-0.0007370369,-0.0056137593,0.0003181666,0.744,-0.0110264556,-0.0085544704,-0.0271662303,0.0023546205,0.678,0.0228506872,0.0248945225,0.0110663708,0.0295208508,0.9622135948,0.9700748441,0.926,0.7734135702,0.7716417816,1.5492192593,1.5442144234,0.0230936364,0.0347427979,0.33353,0.33916
n2_rho0.4_kappa20_gamma0.9,sparse,moderate_mismatch,2,0.4,20.0,0.9,500,100000,"{""L0_full_context"":0.3821337762,""L3_industry_context"":0.3285762577,""L5_generic_context"":0.289289966}",0.1,0.152,-0.0052396212,-0.0019854976,-0.0187682246,0.0007785158,0.64,-0.0017585171,-0.0004836107,-0.0076703492,0.0010741588,0.64,-0.0059878804,-0.0005254339,-0.0286102623,0.010383657,0.64,0.0391592625,0.0437681757,0.020041853,0.0503961952,0.9616529682,0.9755257128,0.95,0.7724628694,0.7707896645,1.5467532797,1.5419080093,0.0246790909,0.0411413987,0.33677,0.3411
n2_rho0.8_kappa2_gamma0.4,sparse,strong_mismatch,2,0.8,2.0,0.4,500,100000,"{""L0_full_context"":0.918598078,""L3_industry_context"":0.069342378,""L5_generic_context"":0.012059544}",0.2,0.304,-0.0317500651,-0.0289533102,-0.0550277375,-0.0171614241,1.0,-0.0124103833,-0.009859699,-0.0325008929,-0.0037500845,1.0,-0.0168985506,-0.0168622574,-0.024357264,-0.0117128321,1.0,0.0260767319,0.0249270774,0.0192078387,0.0332059544,0.8368877327,0.8582817594,1.0,0.86487812,0.8524168416,1.7758005304,1.7439409998,0.163978,0.1486293179,0.26306,0.26306
n2_rho0.8_kappa2_gamma0.7,sparse,strong_mismatch,2,0.8,2.0,0.7,500,100000,"{""L0_full_context"":0.6172692956,""L3_industry_context"":0.2497249986,""L5_generic_context"":0.1330057058}",0.2,0.304,-0.1231985391,-0.1060135802,-0.2157233693,-0.0600058329,1.0,-0.0504768429,-0.0361251892,-0.1264275841,-0.0118007532,1.0,-0.0861085058,-0.0896594177,-0.1218467985,-0.0513441435,1.0,0.1256110826,0.1234754398,0.1000772932,0.1591779714,0.8365986502,0.926922933,0.938,0.872735,0.8222183561,1.7888244694,1.6655422506,0.17677,0.1016830079,0.25315,0.25016
n2_rho0.8_kappa2_gamma0.9,sparse,strong_mismatch,2,0.8,2.0,0.9,500,100000,"{""L0_full_context"":0.3821337762,""L3_industry_context"":0.3285762577,""L5_generic_context"":0.289289966}",0.2,0.304,-0.1499360388,-0.1249064384,-0.2797969444,-0.0599057353,1.0,-0.0615013555,-0.0428085475,-0.1657124741,-0.0081278039,1.0,-0.1158934768,-0.1242570731,-0.1967302723,-0.0432570731,1.0,0.2039707764,0.1932028395,0.1540486927,0.2599538206,0.8317861223,0.9612613629,0.948,0.86703756,0.8054948158,1.7781345034,1.6284189584,0.172982,0.0458545026,0.26101,0.25892
n2_rho0.8_kappa6_gamma0.4,sparse,strong_mismatch,2,0.8,6.0,0.4,500,100000,"{""L0_full_context"":0.918598078,""L3_industry_context"":0.069342378,""L5_generic_context"":0.012059544}",0.2,0.304,-0.0068203874,-0.0049396872,-0.0141023079,-0.0018833342,1.0,-0.0024511797,-0.0012366577,-0.0069975653,0.0004906402,0.826,-0.006899841,-0.0083512342,-0.0127574901,-0.0006391558,1.0,0.0133750111,0.0127574901,0.0107924628,0.0168441681,0.9290076095,0.9351455634,0.96,0.81330888,0.8108104237,1.649225874,1.6422785585,0.082077,0.0768777756,0.25931,0.25603
n2_rho0.8_kappa6_gamma0.7,sparse,strong_mismatch,2,0.8,6.0,0.7,500,100000,"{""L0_full_context"":0.6172692956,""L3_industry_context"":0.2497249986,""L5_generic_context"":0.1330057058}",0.2,0.304,-0.0262470398,-0.0192883269,-0.0601387957,-0.0052358279,1.0,-0.008792751,-0.0039503375,-0.0260666666,0.0029505623,0.718,-0.0265227888,-0.0286057272,-0.0673076731,0.0073723163,0.718,0.0640249973,0.0643530464,0.0418085793,0.0822490998,0.9290573122,0.9591747451,0.952,0.81283031,0.8040742187,1.6480619049,1.6218715705,0.07978,0.0442021177,0.2615,0.25681
n2_rho0.8_kappa6_gamma0.9,sparse,strong_mismatch,2,0.8,6.0,0.9,500,100000,"{""L0_full_context"":0.3821337762,""L3_industry_context"":0.3285762577,""L5_generic_context"":0.289289966}",0.2,0.304,-0.0263767668,-0.0147643702,-0.0765085112,0.0023004364,0.736,-0.0085070009,-0.0016196671,-0.0351106873,0.0084619276,0.532,-0.0223904243,-0.0192235409,-0.0929862505,0.0307764591,0.644,0.1051129092,0.111644498,0.0573526286,0.1357627096,0.9304038873,0.9746238812,0.724,0.81191638,0.8034352688,1.6468923102,1.619944423,0.074612,0.0539820151,0.26264,0.22202
n2_rho0.8_kappa20_gamma0.4,sparse,strong_mismatch,2,0.8,20.0,0.4,500,100000,"{""L0_full_context"":0.918598078,""L3_industry_context"":0.069342378,""L5_generic_context"":0.012059544}",0.2,0.304,-0.0009124567,-0.000370121,-0.0033463076,0.0006384196,0.618,-7.13536e-05,0.0002673252,-0.0014689322,0.0005882412,0.29,-0.0003353153,0.0008112784,-0.0050578824,0.0013742399,0.406,0.0050061656,0.0051614848,0.0029924114,0.0064321222,0.9539652158,0.955680575,0.942,0.8040211967,0.8039851354,1.6189274552,1.6181395506,0.0735663636,0.081481841,0.22055,0.21069
n2_rho0.8_kappa20_gamma0.7,sparse,strong_mismatch,2,0.8,20.0,0.7,500,100000,"{""L0_full_context"":0.6172692956,""L3_industry_context"":0.2497249986,""L5_generic_context"":0.1330057058}",0.2,0.304,-0.0045450099,-0.0028186144,-0.0168184831,0.004642932,0.794,-0.0007623538,0.0007371298,-0.0070848668,0.0022056129,0.408,-0.0008721819,0.0015778079,-0.0158190423,0.0141918815,0.408,0.0284803198,0.0322036672,0.0158975132,0.0337030043,0.9545494063,0.9677800737,0.92,0.8059409355,0.8051531305,1.624018653,1.6193753484,0.0742445455,0.0759542316,0.21869,0.20524
n2_rho0.8_kappa20_gamma0.9,sparse,strong_mismatch,2,0.8,20.0,0.9,500,100000,"{""L0_full_context"":0.3821337762,""L3_industry_context"":0.3285762577,""L5_generic_context"":0.289289966}",0.2,0.304,0.0001652918,0.0043558937,-0.0200548412,0.0122192294,0.382,0.0006000165,0.002810301,-0.0100104965,0.0047966184,0.226,0.0152533685,0.0202281713,-0.0179536469,0.0330524338,0.21,0.0553865283,0.0633626196,0.0352777912,0.0633626196,0.9553592378,0.9771066159,0.92,0.8054236793,0.8058855292,1.6225065779,1.6225963877,0.0762681818,0.0659630487,0.21439,0.20168
n10_rho0.1_kappa2_gamma0.4,intermediate,high_agreement,10,0.1,2.0,0.4,500,100000,"{""L0_full_context"":0.918598078,""L3_industry_context"":0.069342378,""L5_generic_context"":0.012059544}",0.025,0.038,-0.0436872472,-0.0389849877,-0.1032959529,-0.0043555894,1.0,-0.0083507753,-0.0068375244,-0.0201013723,-0.0017266521,1.0,-0.0167218542,-0.0163821368,-0.0268128886,-0.0076065574,1.0,0.0170552734,0.0165532316,0.0080346712,0.0268128886,0.8438047575,0.8611677099,1.0,0.8130927089,0.8047424365,1.6941683642,1.6506191378,0.1117853333,0.1020542581,0.29188,0.29188
n10_rho0.1_kappa2_gamma0.7,intermediate,high_agreement,10,0.1,2.0,0.7,500,100000,"{""L0_full_context"":0.6172692956,""L3_industry_context"":0.2497249986,""L5_generic_context"":0.1330057058}",0.025,0.038,-0.1257533153,-0.1059811871,-0.2957526722,-0.0177462775,1.0,-0.0317973314,-0.0254575385,-0.0774059109,-0.0057484735,1.0,-0.0765587927,-0.0749229284,-0.1269403742,-0.0348825107,1.0,0.0781063494,0.0760426193,0.0366582726,0.1269403742,0.8454265031,0.909187199,0.942,0.8110291422,0.7790099168,1.6828765423,1.5574716867,0.106605,0.0529938591,0.30057,0.31155
n10_rho0.1_kappa2_gamma0.9,intermediate,high_agreement,10,0.1,2.0,0.9,500,100000,"{""L0_full_context"":0.3821337762,""L3_industry_context"":0.3285762577,""L5_generic_context"":0.289289966}",0.025,0.038,-0.1607921611,-0.1421092103,-0.3589569615,-0.0251278012,1.0,-0.0451014816,-0.0372235952,-0.1041160881,-0.008933664,1.0,-0.1268175222,-0.1237297947,-0.206088148,-0.0601092168,1.0,0.1288513092,0.1260176259,0.0634878379,0.211497156,0.8511628072,0.9362692412,0.77,0.8138831133,0.7685561076,1.693437338,1.5308104613,0.1078776667,0.0236894955,0.2908,0.32223
n10_rho0.1_kappa6_gamma0.4,intermediate,high_agreement,10,0.1,6.0,0.4,500,100000,"{""L0_full_context"":0.918598078,""L3_industry_context"":0.069342378,""L5_generic_context"":0.012059544}",0.025,0.038,-0.0150097151,-0.0129656185,-0.0351571195,-0.0021313263,1.0,-0.0046941908,-0.0038416208,-0.0124846046,-0.0007551131,1.0,-0.0124017637,-0.0121070285,-0.0212332014,-0.0053871114,1.0,0.012667097,0.012373469,0.0059657057,0.0212332014,0.8899540262,0.8988620715,0.96,0.790784355,0.7860656765,1.5946787034,1.5794425607,0.08008425,0.0672428366,0.29814,0.30431
n10_rho0.1_kappa6_gamma0.7,intermediate,high_agreement,10,0.1,6.0,0.7,500,100000,"{""L0_full_context"":0.6172692956,""L3_industry_context"":0.2497249986,""L5_generic_context"":0.1330057058}",0.025,0.038,-0.0538975868,-0.0485793582,-0.1155967431,-0.0052312415,1.0,-0.0186734922,-0.0152059409,-0.0442516916,-0.002159526,1.0,-0.058743961,-0.0569559612,-0.0956121356,-0.021318236,1.0,0.0597990158,0.0569559612,0.0238422907,0.0956121356,0.8933092506,0.9277114088,0.812,0.7899879987,0.7712053029,1.5912942331,1.5372430956,0.07799225,0.0330685372,0.29873,0.32245
n10_rho0.1_kappa6_gamma0.9,intermediate,high_agreement,10,0.1,6.0,0.9,500,100000,"{""L0_full_context"":0.3821337762,""L3_industry_context"":0.3285762577,""L5_generic_context"":0.289289966}",0.025,0.038,-0.0711450343,-0.0622179242,-0.1609146997,-0.0111759601,1.0,-0.0250055983,-0.0200171304,-0.0628463646,-0.0040271305,1.0,-0.094712028,-0.0876604402,-0.1644059877,-0.0447164161,1.0,0.0961840386,0.0885343369,0.0457186184,0.1644059877,0.8895117336,0.9401639053,0.768,0.7883143275,0.7634948159,1.5889339126,1.5183909595,0.07139775,0.0174964293,0.30823,0.33395
n10_rho0.1_kappa20_gamma0.4,intermediate,high_agreement,10,0.1,20.0,0.4,500,100000,"{""L0_full_context"":0.918598078,""L3_industry_context"":0.069342378,""L5_generic_context"":0.012059544}",0.025,0.038,-0.0031427948,-0.002871023,-0.0068067238,-0.0005413224,1.0,-0.001242357,-0.0009587742,-0.0029049507,-0.0001915956,1.0,-0.0064724357,-0.0063614095,-0.01027443,-0.0029820237,1.0,0.0065991332,0.0063614095,0.0031264368,0.0105732052,0.9343026864,0.9365928839,1.0,0.7680339289,0.7668025157,1.5297995892,1.5266729381,0.0298266667,0.0220216559,0.32558,0.32558
n10_rho0.1_kappa20_gamma0.7,intermediate,high_agreement,10,0.1,20.0,0.7,500,100000,"{""L0_full_context"":0.6172692956,""L3_industry_context"":0.2497249986,""L5_generic_context"":0.1330057058}",0.025,0.038,-0.0121971769,-0.0110594898,-0.0272270535,-0.0021341706,1.0,-0.004917498,-0.0039093856,-0.0114694814,-0.0005701487,1.0,-0.0310366344,-0.0291094387,-0.0504960708,-0.0122230004,1.0,0.0315842949,0.0293834034,0.0134607203,0.0508841829,0.9326349521,0.9430980419,0.85,0.76773752,0.7626930895,1.5284093094,1.5161100628,0.0337313333,0.0079030482,0.32493,0.33813
n10_rho0.1_kappa20_gamma0.9,intermediate,high_agreement,10,0.1,20.0,0.9,500,100000,"{""L0_full_context"":0.3821337762,""L3_industry_context"":0.3285762577,""L5_generic_context"":0.289289966}",0.025,0.038,-0.0170827906,-0.0147577855,-0.0399409087,-0.001990054,1.0,-0.0069079871,-0.0051753376,-0.0171802413,-0.0007606726,1.0,-0.0451674882,-0.0424951351,-0.0773308985,-0.0152334396,1.0,0.0506550254,0.0482471377,0.0243277385,0.0836756941,0.9327583448,0.9481614698,0.84,0.7680041956,0.7610504343,1.5297608543,1.5126599371,0.02959,0.0091254175,0.32455,0.33989
n10_rho0.4_kappa2_gamma0.4,intermediate,moderate_mismatch,10,0.4,2.0,0.4,500,100000,"{""L0_full_context"":0.918598078,""L3_industry_context"":0.069342378,""L5_generic_context"":0.012059544}",0.1,0.152,-0.037286607,-0.0284322653,-0.0956333853,-0.0027363891,0.992,-0.007557547,-0.0063339166,-0.0181001997,-0.0011247108,1.0,-0.0154762299,-0.0153819484,-0.0262421707,-0.0039706049,1.0,0.0179011871,0.0176009045,0.0095330695,0.0270147353,0.8626451284,0.8806704454,1.0,0.8106837156,0.8031050871,1.679781703,1.6422805325,0.1016186667,0.0907657584,0.29459,0.29459
n10_rho0.4_kappa2_gamma0.7,intermediate,moderate_mismatch,10,0.4,2.0,0.7,500,100000,"{""L0_full_context"":0.6172692956,""L3_industry_context"":0.2497249986,""L5_generic_context"":0.1330057058}",0.1,0.152,-0.1151555787,-0.1025667832,-0.2755810817,-0.0088558599,0.982,-0.0303047463,-0.0244564933,-0.0753116848,-0.0035901149,0.988,-0.076343308,-0.0729387004,-0.129549467,-0.022483583,1.0,0.0865816385,0.0865324264,0.0422143824,0.1361924139,0.860211883,0.9326308509,0.92,0.8124685267,0.7821125685,1.6816690647,1.5670544822,0.1069953333,0.051286165,0.28632,0.30097
n10_rho0.4_kappa2_gamma0.9,intermediate,moderate_mismatch,10,0.4,2.0,0.9,500,100000,"{""L0_full_context"":0.3821337762,""L3_industry_context"":0.3285762577,""L5_generic_context"":0.289289966}",0.1,0.152,-0.14055786,-0.1226663889,-0.3411143002,-0.0089687414,0.972,-0.0393600119,-0.0322325981,-0.1019640242,-0.0039092976,0.982,-0.0998451624,-0.0990331868,-0.1923103024,-0.0196020616,0.982,0.1397742305,0.1339769691,0.0710331868,0.2225485089,0.8563132744,0.9588604567,0.784,0.8127238289,0.7730755173,1.6888160819,1.5457989403,0.1033113333,0.0297006005,0.29505,0.32211
n10_rho0.4_kappa6_gamma0.4,intermediate,moderate_mismatch,10,0.4,6.0,0.4,500,100000,"{""L0_full_context"":0.918598078,""L3_industry_context"":0.069342378,""L5_generic_context"":0.012059544}",0.1,0.152,-0.0131251929,-0.0120324079,-0.031351545,-0.0007855571,0.958,-0.004252031,-0.0033212763,-0.0105034765,-0.0003418181,0.97,-0.0124047515,-0.0121507443,-0.0213951385,-0.003121613,1.0,0.0140316171,0.0140584134,0.0061322781,0.0213951385,0.9030038541,0.9133129921,0.976,0.7912491775,0.7869330128,1.5957127582,1.5824578209,0.0710185,0.058393057,0.30088,0.30507
n10_rho0.4_kappa6_gamma0.7,intermediate,moderate_mismatch,10,0.4,6.0,0.7,500,100000,"{""L0_full_context"":0.6172692956,""L3_industry_context"":0.2497249986,""L5_generic_context"":0.1330057058}",0.1,0.152,-0.0441636561,-0.0371121618,-0.1160695344,8.1202e-06,0.942,-0.0157803463,-0.0125344702,-0.043259011,0.000114416,0.942,-0.0441028122,-0.0428401233,-0.086091259,-0.0029987852,0.986,0.0643060967,0.061880226,0.0288737744,0.1097215641,0.9095579159,0.9495111081,0.784,0.79139413,0.7756533489,1.596263545,1.5519877143,0.065247,0.0158621335,0.29553,0.32167
n10_rho0.4_kappa6_gamma0.9,intermediate,moderate_mismatch,10,0.4,6.0,0.9,500,100000,"{""L0_full_context"":0.3821337762,""L3_industry_context"":0.3285762577,""L5_generic_context"":0.289289966}",0.1,0.152,-0.0551759137,-0.0504007895,-0.1393846457,0.0047907539,0.89,-0.0202771792,-0.0160698505,-0.0559383883,0.0015372091,0.89,-0.0598110754,-0.0586942379,-0.1258856391,0.0114496612,0.904,0.1071762734,0.1034765208,0.0490658997,0.1695149914,0.9053084285,0.9659152269,0.716,0.791335085,0.7708339313,1.5965535082,1.5405461621,0.07059,0.0264472564,0.29607,0.33135
n10_rho0.4_kappa20_gamma0.4,intermediate,moderate_mismatch,10,0.4,20.0,0.4,500,100000,"{""L0_full_context"":0.918598078,""L3_industry_context"":0.069342378,""L5_generic_context"":0.012059544}",0.1,0.152,-0.0021327616,-0.0018221696,-0.0068140318,0.0007869631,0.768,-0.000841038,-0.0006256146,-0.0026740217,0.0002889525,0.828,-0.0027453431,-0.0028520822,-0.008805879,0.0020561523,0.786,0.0070607665,0.0068437912,0.0036419823,0.0114625966,0.9516519917,0.9544495991,0.996,0.7725736622,0.7717375777,1.5464807653,1.5443710476,0.01079,0.0090238847,0.32473,0.32532
n10_rho0.4_kappa20_gamma0.7,intermediate,moderate_mismatch,10,0.4,20.0,0.7,500,100000,"{""L0_full_context"":0.6172692956,""L3_industry_context"":0.2497249986,""L5_generic_context"":0.1330057058}",0.1,0.152,-0.0079875663,-0.0070897507,-0.0272176845,0.0048169,0.74,-0.0030163277,-0.0022064319,-0.0116956503,0.0014229333,0.762,-0.0147847948,-0.0159606847,-0.0415830124,0.0095546956,0.838,0.0349277109,0.0350700759,0.0159932575,0.054266328,0.9506257855,0.9650455944,0.846,0.7742800178,0.7711948908,1.5508039678,1.5424989566,0.007512,0.02432792,0.3199,0.33464
n10_rho0.4_kappa20_gamma0.9,intermediate,moderate_mismatch,10,0.4,20.0,0.9,500,100000,"{""L0_full_context"":0.3821337762,""L3_industry_context"":0.3285762577,""L5_generic_context"":0.289289966}",0.1,0.152,-0.0091848262,-0.007747363,-0.0371173327,0.0107616251,0.658,-0.0035536449,-0.0019717569,-0.0150274283,0.0034557381,0.674,-0.0143433201,-0.0115755866,-0.0622882024,0.0204955393,0.704,0.061435822,0.0616866209,0.029993298,0.0952680668,0.9481787778,0.9727811071,0.818,0.7738191022,0.7700056389,1.5492626945,1.5394037754,0.0135926667,0.0353330451,0.32213,0.33862
n10_rho0.8_kappa2_gamma0.4,intermediate,strong_mismatch,10,0.8,2.0,0.4,500,100000,"{""L0_full_context"":0.918598078,""L3_industry_context"":0.069342378,""L5_generic_context"":0.012059544}",0.2,0.304,-0.036089086,-0.0234256529,-0.0981443111,0.0009202454,0.896,-0.0067987923,-0.0056081055,-0.0177446737,0.0004083089,0.92,-0.0151181217,-0.0134946297,-0.0302875448,7.23573e-05,0.946,0.0214079035,0.0211765593,0.010598681,0.032343697,0.8670447894,0.8873535729,1.0,0.8132986311,0.8065294167,1.6928026105,1.6570472291,0.1033993333,0.0902950771,0.28838,0.28838
n10_rho0.8_kappa2_gamma0.7,intermediate,strong_mismatch,10,0.8,2.0,0.7,500,100000,"{""L0_full_context"":0.6172692956,""L3_industry_context"":0.2497249986,""L5_generic_context"":0.1330057058}",0.2,0.304,-0.0950347858,-0.0664355977,-0.2787255822,0.0133197079,0.856,-0.0208872808,-0.0161154761,-0.0615130694,0.0056048132,0.858,-0.045432108,-0.044001195,-0.0993042876,0.0135276497,0.884,0.101461622,0.1019461591,0.0546572019,0.150339878,0.8723261709,0.9473388647,0.94,0.8120810933,0.7912893057,1.6933374493,1.5982478721,0.0965726667,0.033246208,0.28472,0.28769
n10_rho0.8_kappa2_gamma0.9,intermediate,strong_mismatch,10,0.8,2.0,0.9,500,100000,"{""L0_full_context"":0.3821337762,""L3_industry_context"":0.3285762577,""L5_generic_context"":0.289289966}",0.2,0.304,-0.1015818125,-0.0599918419,-0.3266292205,0.0333852147,0.746,-0.0242626296,-0.0166924459,-0.0888225049,0.0138447158,0.79,-0.0458063631,-0.0395241896,-0.1516301876,0.0564758104,0.77,0.1719059527,0.1686608122,0.0959265884,0.2543977866,0.8667643118,0.9726894735,0.806,0.8144671711,0.7907240011,1.6934299606,1.5936090167,0.1079986667,0.0160622407,0.28574,0.2977
n10_rho0.8_kappa6_gamma0.4,intermediate,strong_mismatch,10,0.8,6.0,0.4,500,100000,"{""L0_full_context"":0.918598078,""L3_industry_context"":0.069342378,""L5_generic_context"":0.012059544}",0.2,0.304,-0.0092356788,-0.0062645248,-0.0300036006,0.0030515372,0.722,-0.0025652777,-0.0016871683,-0.0091332416,0.0012891601,0.788,-0.0035400795,-0.003959299,-0.0126184285,0.0059018278,0.708,0.0162027089,0.0162924439,0.0088946674,0.0238138308,0.9179745981,0.9278315162,0.968,0.7948682725,0.7923198393,1.6133389641,1.6041435672,0.063894,0.0506420573,0.28946,0.29309
n10_rho0.8_kappa6_gamma0.7,intermediate,strong_mismatch,10,0.8,6.0,0.7,500,100000,"{""L0_full_context"":0.6172692956,""L3_industry_context"":0.2497249986,""L5_generic_context"":0.1330057058}",0.2,0.304,-0.0274916654,-0.0149088254,-0.1067739716,0.0210268487,0.656,-0.0069094914,-0.0042397158,-0.0328350148,0.0090212959,0.656,-0.0149260699,-0.0171814871,-0.0729990959,0.0391389647,0.682,0.0780542627,0.0780390621,0.0391389647,0.1162130568,0.9184224919,0.9598492873,0.834,0.795237075,0.7886177831,1.6160424793,1.589267944,0.058383,0.0107400337,0.29445,0.30216
n10_rho0.8_kappa6_gamma0.9,intermediate,strong_mismatch,10,0.8,6.0,0.9,500,100000,"{""L0_full_context"":0.3821337762,""L3_industry_context"":0.3285762577,""L5_generic_context"":0.289289966}",0.2,0.304,-0.0195562013,-0.0066770889,-0.1193584507,0.0491375176,0.54,-0.0032493688,0.0017796282,-0.0392187841,0.0189526241,0.45,0.0016608971,0.0051927167,-0.0921656285,0.0801927167,0.444,0.1311032661,0.1273920509,0.0716824821,0.2000100825,0.9176189643,0.9762094947,0.746,0.79542815,0.7925215755,1.6161105931,1.596599045,0.0573825,0.0268430093,0.29635,0.30625
n10_rho0.8_kappa20_gamma0.4,intermediate,strong_mismatch,10,0.8,20.0,0.4,500,100000,"{""L0_full_context"":0.918598078,""L3_industry_context"":0.069342378,""L5_generic_context"":0.012059544}",0.2,0.304,8.47721e-05,0.0007509387,-0.0054141484,0.0036761465,0.454,0.0004705671,0.0006880112,-0.0013723665,0.0016104103,0.272,-0.0004090085,-0.000343697,-0.007060863,0.0043836442,0.534,0.008647899,0.0089692858,0.0043314867,0.0128675334,0.9547034947,0.95733793,0.98,0.7898729956,0.7903398116,1.592473051,1.5925754886,0.006612,0.0037146075,0.30046,0.29911
n10_rho0.8_kappa20_gamma0.7,intermediate,strong_mismatch,10,0.8,20.0,0.7,500,100000,"{""L0_full_context"":0.6172692956,""L3_industry_context"":0.2497249986,""L5_generic_context"":0.1330057058}",0.2,0.304,0.0014677917,0.0023787737,-0.0224038817,0.0207029551,0.434,0.0028977312,0.0035236529,-0.004911623,0.0094907922,0.236,0.002891754,0.003800163,-0.0343637774,0.0314065668,0.38,0.047054498,0.0441036063,0.024331901,0.0684355072,0.9528583501,0.9696332917,0.886,0.7907109778,0.7934625214,1.5954580581,1.5966136625,0.0089006667,0.0119089683,0.29987,0.29756
n10_rho0.8_kappa20_gamma0.9,intermediate,strong_mismatch,10,0.8,20.0,0.9,500,100000,"{""L0_full_context"":0.3821337762,""L3_industry_context"":0.3285762577,""L5_generic_context"":0.289289966}",0.2,0.304,0.0122394572,0.0151904039,-0.027068925,0.0400289077,0.23,0.007638773,0.0096947532,-0.0084067259,0.0173867102,0.13,0.028368288,0.0333963854,-0.0239369479,0.0673288158,0.144,0.0831042119,0.0780630521,0.0382996105,0.1192541337,0.9529172006,0.9788069529,0.854,0.7901228,0.7979784415,1.5943637677,1.6068560484,0.007194,0.0361037281,0.30519,0.30512
n50_rho0.1_kappa2_gamma0.4,dense,high_agreement,50,0.1,2.0,0.4,500,100000,"{""L0_full_context"":0.918598078,""L3_industry_context"":0.069342378,""L5_generic_context"":0.012059544}",0.025,0.038,-0.0076828422,-0.0054895708,-0.0210551743,-0.0008095407,0.994,-0.0021446116,-0.001790189,-0.0054618924,-0.0003036186,0.996,-0.0082938946,-0.0082665855,-0.0144919772,-0.002727376,0.992,0.0087147543,0.0087060631,0.0035189865,0.0145383079,0.9142245598,0.9192662461,0.988,0.7722442346,0.770108163,1.5459925772,1.5384056924,0.0333870769,0.0310936107,0.32326,0.32534
n50_rho0.1_kappa2_gamma0.7,dense,high_agreement,50,0.1,2.0,0.7,500,100000,"{""L0_full_context"":0.6172692956,""L3_industry_context"":0.2497249986,""L5_generic_context"":0.1330057058}",0.025,0.038,-0.0263922658,-0.0207951103,-0.0689023846,-0.00385791,0.994,-0.0084664303,-0.006885387,-0.0193084805,-0.0012623144,0.996,-0.0389325074,-0.03818005,-0.0665083662,-0.0133754642,0.992,0.0414613016,0.041000105,0.0194377608,0.0665084331,0.9159888754,0.9359554423,0.894,0.772024903,0.7638673192,1.5462257031,1.520200875,0.0260943846,0.0077844805,0.32445,0.33441
n50_rho0.1_kappa2_gamma0.9,dense,high_agreement,50,0.1,2.0,0.9,500,100000,"{""L0_full_context"":0.3821337762,""L3_industry_context"":0.3285762577,""L5_generic_context"":0.289289966}",0.025,0.038,-0.0361328403,-0.0274994509,-0.0926778487,-0.0056114915,0.996,-0.0120777274,-0.0092576262,-0.0308953739,-0.0019829029,0.996,-0.0616293796,-0.05843918,-0.1117465072,-0.0212231243,0.996,0.067238527,0.0637728466,0.0304183179,0.1143749571,0.9160353064,0.9447610348,0.762,0.7743935297,0.7621492759,1.5515173391,1.5150473951,0.0389144615,0.0067147799,0.31358,0.33713
n50_rho0.1_kappa6_gamma0.4,dense,high_agreement,50,0.1,6.0,0.4,500,100000,"{""L0_full_context"":0.918598078,""L3_industry_context"":0.069342378,""L5_generic_context"":0.012059544}",0.025,0.038,-0.0060683761,-0.0045448131,-0.0159010302,-0.0007541851,1.0,-0.0018307786,-0.0014378802,-0.0044662944,-0.0003038938,1.0,-0.0076722442,-0.0072083771,-0.0130396673,-0.0028113812,1.0,0.0080840361,0.0075939595,0.0039576085,0.0133620501,0.9189513081,0.9232629449,0.996,0.77047887,0.7686601138,1.5396571496,1.5336229319,0.027955,0.0241726438,0.32131,0.32203
n50_rho0.1_kappa6_gamma0.7,dense,high_agreement,50,0.1,6.0,0.7,500,100000,"{""L0_full_context"":0.6172692956,""L3_industry_context"":0.2497249986,""L5_generic_context"":0.1330057058}",0.025,0.038,-0.0205721931,-0.0169642507,-0.056363202,-0.0023643509,1.0,-0.0070113143,-0.0057368674,-0.0178964217,-0.0008926221,0.998,-0.0346345111,-0.0338102055,-0.0621799348,-0.0110661329,0.998,0.0374897008,0.0367752052,0.0154779477,0.0631001171,0.9196108721,0.9370307053,0.858,0.7716844535,0.7647017167,1.5422281355,1.521420276,0.0319778571,0.0138014881,0.31719,0.3308
n50_rho0.1_kappa6_gamma0.9,dense,high_agreement,50,0.1,6.0,0.9,500,100000,"{""L0_full_context"":0.3821337762,""L3_industry_context"":0.3285762577,""L5_generic_context"":0.289289966}",0.025,0.038,-0.0285245906,-0.0221199585,-0.0708070493,-0.0041313974,0.998,-0.0100879126,-0.0080664359,-0.0246043632,-0.0013520851,0.998,-0.0559647214,-0.0550648554,-0.0985662573,-0.01685179,0.998,0.0620776736,0.0597111454,0.0291461363,0.1014631813,0.9197994555,0.9451793428,0.788,0.7715121389,0.7613417716,1.541742667,1.5133524159,0.031471,0.0093335626,0.31913,0.34167
n50_rho0.1_kappa20_gamma0.4,dense,high_agreement,50,0.1,20.0,0.4,500,100000,"{""L0_full_context"":0.918598078,""L3_industry_context"":0.069342378,""L5_generic_context"":0.012059544}",0.025,0.038,-0.0033812056,-0.0026628189,-0.009251061,-0.0004309897,0.994,-0.0012106618,-0.0009414563,-0.0031471654,-0.0001720368,0.998,-0.0058288342,-0.0057256992,-0.0110690247,-0.0018003176,0.988,0.0065544095,0.0063760532,0.0026347519,0.0113180974,0.9296704945,0.9324359926,0.956,0.7676590302,0.7664806031,1.5297714578,1.5264516079,0.0256891429,0.0218541232,0.32652,0.33008
n50_rho0.1_kappa20_gamma0.7,dense,high_agreement,50,0.1,20.0,0.7,500,100000,"{""L0_full_context"":0.6172692956,""L3_industry_context"":0.2497249986,""L5_generic_context"":0.1330057058}",0.025,0.038,-0.0123540752,-0.0099751738,-0.0316413805,-0.0014853543,1.0,-0.0045728256,-0.0035451114,-0.0119492369,-0.0006353501,1.0,-0.0272332897,-0.0262001852,-0.0495457693,-0.0080738729,0.998,0.030418308,0.0294512634,0.0137753971,0.0525624589,0.928270746,0.9405254016,0.866,0.7669953502,0.7624617,1.5276890805,1.5155550375,0.0292917143,0.006918992,0.32537,0.33647
n50_rho0.1_kappa20_gamma0.9,dense,high_agreement,50,0.1,20.0,0.9,500,100000,"{""L0_full_context"":0.3821337762,""L3_industry_context"":0.3285762577,""L5_generic_context"":0.289289966}",0.025,0.038,-0.0165663214,-0.0137268135,-0.0399944146,-0.0021138354,0.99,-0.0062600028,-0.0051947006,-0.0151572388,-0.0009318251,0.994,-0.0421379538,-0.0408278529,-0.0756209884,-0.0116801626,0.992,0.0499145703,0.0494925641,0.0230125831,0.0798220915,0.9288216807,0.9467751376,0.832,0.7671173837,0.760887597,1.5284375009,1.5117979954,0.025668,0.0087995575,0.32644,0.33979
n50_rho0.4_kappa2_gamma0.4,dense,moderate_mismatch,50,0.4,2.0,0.4,500,100000,"{""L0_full_context"":0.918598078,""L3_industry_context"":0.069342378,""L5_generic_context"":0.012059544}",0.1,0.152,-0.0068365667,-0.0042365754,-0.0246940709,0.0005923592,0.904,-0.0019940905,-0.0015001996,-0.0054556517,9.34791e-05,0.932,-0.0073889543,-0.0072382775,-0.0170276123,0.0011523822,0.898,0.0114123565,0.0113547564,0.0054708121,0.01742349,0.9182952489,0.9264907018,0.998,0.7732520828,0.7712542118,1.5468919726,1.5399664089,0.033998,0.0292876363,0.32154,0.32183
n50_rho0.4_kappa2_gamma0.7,dense,moderate_mismatch,50,0.4,2.0,0.7,500,100000,"{""L0_full_context"":0.6172692956,""L3_industry_context"":0.2497249986,""L5_generic_context"":0.1330057058}",0.1,0.152,-0.0188187093,-0.0130576415,-0.0640005059,0.0043132832,0.816,-0.0061338745,-0.0046851826,-0.0181350171,0.0009359716,0.858,-0.0249442265,-0.023971868,-0.0638624495,0.0105164292,0.858,0.054029093,0.0546776643,0.0275260424,0.0819903964,0.9178350599,0.9517154389,0.898,0.7731629684,0.766967487,1.5485967836,1.5291997349,0.032708,0.014159551,0.32224,0.3315
n50_rho0.4_kappa2_gamma0.9,dense,moderate_mismatch,50,0.4,2.0,0.9,500,100000,"{""L0_full_context"":0.3821337762,""L3_industry_context"":0.3285762577,""L5_generic_context"":0.289289966}",0.1,0.152,-0.018682861,-0.0094535396,-0.0747234781,0.011920151,0.698,-0.0064295005,-0.0043623397,-0.023228979,0.0033092184,0.758,-0.0236882288,-0.0224647369,-0.0833779107,0.0294634853,0.714,0.0899447544,0.088835921,0.0447652596,0.1398872208,0.9176440452,0.9671887488,0.776,0.7730324586,0.7666409979,1.5474049412,1.5294958683,0.0337066154,0.0290935172,0.31784,0.33891
n50_rho0.4_kappa6_gamma0.4,dense,moderate_mismatch,50,0.4,6.0,0.4,500,100000,"{""L0_full_context"":0.918598078,""L3_industry_context"":0.069342378,""L5_generic_context"":0.012059544}",0.1,0.152,-0.005384689,-0.0037890292,-0.0165427831,0.0003302127,0.922,-0.001668592,-0.0013658439,-0.0043294962,2.53704e-05,0.944,-0.0064959582,-0.0059617217,-0.0158423645,0.001458548,0.906,0.0108563004,0.0107840319,0.0058046031,0.0159946055,0.9229803537,0.9303008173,0.996,0.7714566739,0.7697736753,1.5420501962,1.5366568603,0.0289272857,0.0226013553,0.3214,0.32211
n50_rho0.4_kappa6_gamma0.7,dense,moderate_mismatch,50,0.4,6.0,0.7,500,100000,"{""L0_full_context"":0.6172692956,""L3_industry_context"":0.2497249986,""L5_generic_context"":0.1330057058}",0.1,0.152,-0.0155793835,-0.0101901324,-0.0543212032,0.0059911441,0.778,-0.0054772314,-0.003778014,-0.0169189171,0.0015697428,0.846,-0.02288854,-0.022482028,-0.0610108366,0.0104149672,0.846,0.0516981499,0.0514181446,0.0241539137,0.079726063,0.922084367,0.953263813,0.874,0.7727517331,0.7672328888,1.545516619,1.529803365,0.0321042857,0.0158222015,0.3191,0.33149
n50_rho0.4_kappa6_gamma0.9,dense,moderate_mismatch,50,0.4,6.0,0.9,500,100000,"{""L0_full_context"":0.3821337762,""L3_industry_context"":0.3285762577,""L5_generic_context"":0.289289966}",0.1,0.152,-0.0119114171,-0.0064372257,-0.0528842079,0.0131528491,0.654,-0.004944827,-0.003108566,-0.0214647339,0.0037517748,0.714,-0.0181020103,-0.0160864147,-0.0789018761,0.0299726436,0.698,0.0858863087,0.0867058662,0.0439450336,0.1308391679,0.9238392897,0.9683209214,0.756,0.7705795418,0.7659335841,1.5391069166,1.5277947177,0.027316,0.0310916372,0.31916,0.33949
n50_rho0.4_kappa20_gamma0.4,dense,moderate_mismatch,50,0.4,20.0,0.4,500,100000,"{""L0_full_context"":0.918598078,""L3_industry_context"":0.069342378,""L5_generic_context"":0.012059544}",0.1,0.152,-0.001790972,-0.001022693,-0.006956844,0.0012056087,0.736,-0.0008214247,-0.0005402734,-0.0027411216,0.000326219,0.822,-0.0034016285,-0.0029899055,-0.0104726022,0.0022964387,0.814,0.0088200748,0.0085596921,0.0046811274,0.0136514038,0.9376615901,0.9423917357,0.972,0.7677753078,0.7669601202,1.5308926916,1.5291231714,0.0218117143,0.017389203,0.32869,0.33131
n50_rho0.4_kappa20_gamma0.7,dense,moderate_mismatch,50,0.4,20.0,0.7,500,100000,"{""L0_full_context"":0.6172692956,""L3_industry_context"":0.2497249986,""L5_generic_context"":0.1330057058}",0.1,0.152,-0.0044691209,-0.0019388613,-0.0235741254,0.0069736309,0.614,-0.0021023347,-0.0012774668,-0.0087917739,0.0019504977,0.688,-0.0103292498,-0.0092906671,-0.038548335,0.0179731212,0.712,0.042322217,0.0408742433,0.0210730673,0.0648137192,0.9379496819,0.9592852971,0.906,0.7678973224,0.7657227474,1.5322917509,1.5274664936,0.0126934286,0.019889628,0.32957,0.33814
n50_rho0.4_kappa20_gamma0.9,dense,moderate_mismatch,50,0.4,20.0,0.9,500,100000,"{""L0_full_context"":0.3821337762,""L3_industry_context"":0.3285762577,""L5_generic_context"":0.289289966}",0.1,0.152,-0.0017821973,0.0021985656,-0.0314597305,0.0151833332,0.442,-0.0015532458,-0.0003893436,-0.0117358995,0.0048416154,0.536,-0.0036446741,-0.0029705946,-0.0564946312,0.0427741736,0.524,0.0720931004,0.0706132827,0.0377607591,0.107448518,0.9365316935,0.9699664022,0.838,0.7683236229,0.7667472848,1.5325775515,1.5305937841,0.0203322857,0.0319882175,0.32615,0.34024
n50_rho0.8_kappa2_gamma0.4,dense,strong_mismatch,50,0.8,2.0,0.4,500,100000,"{""L0_full_context"":0.918598078,""L3_industry_context"":0.069342378,""L5_generic_context"":0.012059544}",0.2,0.304,-0.0052395987,-0.0032809438,-0.0212823614,0.0040481679,0.674,-0.0015293979,-0.0012351677,-0.0053212703,0.0013153248,0.742,-0.0047279477,-0.0026735299,-0.021531852,0.0085279529,0.606,0.0173284413,0.0172305373,0.0116587961,0.0226214782,0.9193217044,0.9314596769,1.0,0.773379324,0.7718480739,1.5468521923,1.5416402961,0.0393512308,0.0316444164,0.31609,0.31609
n50_rho0.8_kappa2_gamma0.7,dense,strong_mismatch,50,0.8,2.0,0.7,500,100000,"{""L0_full_context"":0.6172692956,""L3_industry_context"":0.2497249986,""L5_generic_context"":0.1330057058}",0.2,0.304,-0.0021393171,0.0055433259,-0.0545210789,0.0247814696,0.382,-0.0009742318,0.0010183801,-0.0178296138,0.0090494861,0.442,0.0012613437,0.0033128849,-0.0594029827,0.0494077365,0.462,0.0856858842,0.0865942313,0.0545052162,0.1167439313,0.9173345794,0.9646591418,0.912,0.7751947065,0.7739853833,1.5529085819,1.5498156963,0.0432918462,0.0211215279,0.32089,0.32814
n50_rho0.8_kappa2_gamma0.9,dense,strong_mismatch,50,0.8,2.0,0.9,500,100000,"{""L0_full_context"":0.3821337762,""L3_industry_context"":0.3285762577,""L5_generic_context"":0.289289966}",0.2,0.304,0.0204887065,0.0294088669,-0.0405665816,0.0537158641,0.17,0.0078964406,0.0103721302,-0.0112968349,0.0198481575,0.182,0.0399729709,0.0441577398,-0.035618191,0.0977423552,0.17,0.1465979106,0.1510346374,0.0944975427,0.1985628084,0.9162176807,0.9803967573,0.794,0.774278792,0.7823482837,1.550520339,1.5715799587,0.0460352308,0.0510343493,0.31409,0.33258
n50_rho0.8_kappa6_gamma0.4,dense,strong_mismatch,50,0.8,6.0,0.4,500,100000,"{""L0_full_context"":0.918598078,""L3_industry_context"":0.069342378,""L5_generic_context"":0.012059544}",0.2,0.304,-0.0025274558,-0.0007868674,-0.0134246617,0.0041145913,0.586,-0.0009489813,-0.0005631885,-0.0043204598,0.0013083792,0.658,-0.0031390377,-0.0017482032,-0.0186022773,0.0068371154,0.6,0.0162219249,0.0163357291,0.0109431748,0.021118415,0.9280074594,0.9380977508,0.988,0.773314768,0.77232512,1.546288385,1.5436119593,0.0343084286,0.0255711918,0.31955,0.32125
n50_rho0.8_kappa6_gamma0.7,dense,strong_mismatch,50,0.8,6.0,0.7,500,100000,"{""L0_full_context"":0.6172692956,""L3_industry_context"":0.2497249986,""L5_generic_context"":0.1330057058}",0.2,0.304,0.0060031041,0.010114104,-0.0297315603,0.0263911958,0.268,0.0018696038,0.0032482982,-0.0098803697,0.0094936872,0.306,0.0095291,0.0109433062,-0.0424371701,0.0497900381,0.346,0.0798644855,0.0780766759,0.0507387685,0.109670766,0.9293611184,0.9680767088,0.904,0.7721285761,0.7740856199,1.5446599984,1.5507494107,0.030856,0.02674628,0.32351,0.33127
n50_rho0.8_kappa6_gamma0.9,dense,strong_mismatch,50,0.8,6.0,0.9,500,100000,"{""L0_full_context"":0.3821337762,""L3_industry_context"":0.3285762577,""L5_generic_context"":0.289289966}",0.2,0.304,0.0283617868,0.0352732222,-0.0187175923,0.0557086251,0.12,0.0105810625,0.0121890582,-0.0046600559,0.0207259503,0.104,0.0486372224,0.0537781467,-0.0178359713,0.1022217027,0.13,0.1376582916,0.1333687969,0.0878900673,0.1871899961,0.9274111036,0.9812059207,0.814,0.7739005216,0.7841482646,1.5475046214,1.5757149718,0.0417984286,0.0515461095,0.31595,0.33155
n50_rho0.8_kappa20_gamma0.4,dense,strong_mismatch,50,0.8,20.0,0.4,500,100000,"{""L0_full_context"":0.918598078,""L3_industry_context"":0.069342378,""L5_generic_context"":0.012059544}",0.2,0.304,0.0020671702,0.0027120846,-0.0030605888,0.0048909746,0.17,0.0005796528,0.0008665673,-0.0013554773,0.001709559,0.236,0.0022442207,0.0022938975,-0.0046882339,0.0090840669,0.29,0.0129739486,0.0126013621,0.0081083205,0.0172227516,0.9472342385,0.9526986815,0.972,0.7704193094,0.7710348779,1.5408071144,1.5430133188,0.0204805714,0.0185990328,0.3291,0.33182
n50_rho0.8_kappa20_gamma0.7,dense,strong_mismatch,50,0.8,20.0,0.7,500,100000,"{""L0_full_context"":0.6172692956,""L3_industry_context"":0.2497249986,""L5_generic_context"":0.1330057058}",0.2,0.304,0.0174088695,0.0205328328,-0.0022303872,0.0284370851,0.056,0.0064414366,0.0074531024,-0.0012745936,0.0105942845,0.074,0.0229005214,0.0250617925,-0.0155023385,0.0563470364,0.168,0.0657041129,0.065345742,0.0419975016,0.0858867865,0.950553672,0.973323484,0.872,0.7710665029,0.7775628315,1.5418973746,1.5593467297,0.0213328571,0.0404783069,0.32435,0.33502
n50_rho0.8_kappa20_gamma0.9,dense,strong_mismatch,50,0.8,20.0,0.9,500,100000,"{""L0_full_context"":0.3821337762,""L3_industry_context"":0.3285762577,""L5_generic_context"":0.289289966}",0.2,0.304,0.0378273851,0.041606391,0.0067901116,0.0566655495,0.028,0.0151721386,0.0162808798,0.0038662478,0.0216559952,0.022,0.0597624154,0.0643140426,0.0010588108,0.1045738467,0.05,0.1157578156,0.1134873822,0.0777501223,0.1490098431,0.9481081746,0.981960254,0.86,0.7716965045,0.7872904778,1.544333604,1.5829672392,0.0219374286,0.0617464837,0.32675,0.33695
